{"schemaVersion":"1.0","appDefinitionTemplate":{"id":"/providers/Microsoft.PowerApps/apps/","type":"Microsoft.PowerApps/apps","tags":{"primaryDeviceWidth":"1366","primaryDeviceHeight":"768","supportsPortrait":"true","supportsLandscape":"true","primaryFormFactor":"Tablet","showStatusBar":"false","publisherVersion":"3.23075.14","minimumRequiredApiVersion":"2.2.0","hasComponent":"false","hasUnlockedComponent":"false","isUnifiedRootApp":"false","sienaVersion":"20230816T003327Z-3.23075.14.0"},"properties":{"appVersion":"2023-08-16T00:33:27Z","lifeCycleId":"Published","createdByClientVersion":{"major":3,"minor":23075,"build":14,"revision":0,"majorRevision":0,"minorRevision":0},"minClientVersion":{"major":3,"minor":23075,"build":14,"revision":0,"majorRevision":0,"minorRevision":0},"backgroundColor":"RGBA(0,176,240,1)","backgroundImageUri":"/7374572211702663819/Nbe2bf4ce-306d-4f94-8652-0c848f6be438-logoSmallFile","displayName":"Suporte Sistemas YouTube","description":"","commitMessage":"","appUris":{"documentUri":{"value":"/7374572211702663819/N20099a51-3acf-4c1f-b227-96136d2b5b3a-document.msapp"},"imageUris":[],"additionalUris":[]},"createdTime":"0001-01-01T00:00:00Z","lastModifiedTime":"0001-01-01T00:00:00Z","sharedGroupsCount":0,"sharedUsersCount":0,"connectionReferences":{"f63bdf54-534c-40e1-9679-2dce5387c6e5":{"id":"9885bfd7-f676-44a4-abb2-14a246738b10","displayName":"Usuários do Office 365","iconUri":"https://connectoricons-prod.azureedge.net/releases/v1.0.1649/1.0.1649.3368/office365users/icon.png","dataSources":["UsuáriosdoOffice365"],"dependencies":[],"dependents":[],"parameterHints":{},"parameterHintsV2":{},"isOnPremiseConnection":false,"bypassConsent":false,"dataSets":{},"apiTier":"Standard","isCustomApiConnection":false,"actions":["MyProfile"]},"80658ebc-a20a-4af2-a5bf-5675429f2c54":{"id":"4a5ca679-c7d1-4708-ba6f-aae286011e1f","displayName":"SharePoint","iconUri":"https://connectoricons-prod.azureedge.net/u/shgogna/globalperconnector-train1/1.0.1639.3310/sharepointonline/icon.png","dataSources":["LISTA_ADMIN","Lista_Sistemas","Lista_Chamados","Log_Chamados","anexos_chamados"],"dependencies":[],"dependents":[],"parameterHints":{},"parameterHintsV2":{},"isOnPremiseConnection":false,"bypassConsent":false,"dataSets":{"https://docsolution.sharepoint.com/sites/sitedetestedelista_crea3_BaseSuporteSistemas":{"datasetOverride":{"name":"https://docsolution.sharepoint.com/sites/sitedetestedelista","environmentVariableName":"crea3_BaseSuporteSistemas"},"dataSources":{"LISTA_ADMIN":{"tableName":"48ad9e06-2299-4d31-b277-0863ffb8cb2e","tableNameOverride":{"name":"48ad9e06-2299-4d31-b277-0863ffb8cb2e","environmentVariableName":"crea3_shared_sharepointonline_3d2d1671da874094a2091e359d220ff5"}},"Lista_Sistemas":{"tableName":"f90e8207-60c3-4d6f-8d37-b0db91d04528","tableNameOverride":{"name":"f90e8207-60c3-4d6f-8d37-b0db91d04528","environmentVariableName":"crea3_shared_sharepointonline_46c8cd950f674043a00c95197038b5d7"}},"Log_Chamados":{"tableName":"1d82654b-2b92-4ec0-9217-1e8aeeb5f9f5","tableNameOverride":{"name":"1d82654b-2b92-4ec0-9217-1e8aeeb5f9f5","environmentVariableName":"crea3_shared_sharepointonline_52ea6625f3304ac7853b83ef6ba8fac1"}},"anexos_chamados":{"tableName":"b9cfa49a-78da-4fa5-8bc0-483c846223f5","tableNameOverride":{"name":"b9cfa49a-78da-4fa5-8bc0-483c846223f5","environmentVariableName":"new_shared_sharepointonline_223e100f297a46d8b95b797d3a4658b2"}}}},"https://docsolution.sharepoint.com/sites/sitedetestedelista":{"dataSources":{"Lista_Chamados":{"tableName":"b5b9f120-1f3b-4d43-b6ca-8e62b51e63ce"}}}},"apiTier":"Standard","isCustomApiConnection":false,"actions":["providers/PowerPlatform.Governance/Operations/Read","providers/PowerPlatform.Governance/Operations/Write","providers/PowerPlatform.Governance/Operations/Delete"]},"657b3139-709c-41f7-9601-cab8d6dd5471":{"id":"4a5ca679-c7d1-4708-ba6f-aae286011e1f","displayName":"SharePoint","iconUri":"https://connectoricons-prod.azureedge.net/u/shgogna/globalperconnector-train1/1.0.1639.3310/sharepointonline/icon.png","dataSources":["Desenvolvedores"],"dependencies":[],"dependents":[],"parameterHints":{},"parameterHintsV2":{},"isOnPremiseConnection":false,"bypassConsent":false,"dataSets":{"https://docsolution.sharepoint.com/sites/sitedetestedelista_crea3_BaseSuporteSistemas":{"datasetOverride":{"name":"https://docsolution.sharepoint.com/sites/sitedetestedelista","environmentVariableName":"crea3_BaseSuporteSistemas"},"dataSources":{"Desenvolvedores":{"tableName":"86dac47d-8a43-4a8c-a2d6-b5dbd288f534","tableNameOverride":{"name":"86dac47d-8a43-4a8c-a2d6-b5dbd288f534","environmentVariableName":"crea3_shared_sharepointonline_2d0df56431ac413eb2c72f626110264c"}}}}},"apiTier":"Standard","isCustomApiConnection":false,"actions":["providers/PowerPlatform.Governance/Operations/Read","providers/PowerPlatform.Governance/Operations/Write","providers/PowerPlatform.Governance/Operations/Delete"]},"c62dfbee-9a1d-453f-88ac-e7403304cd99":{"id":"85669fa1-ab63-434c-a779-ede0f025eb1a","displayName":"Fluxos lógicos","iconUri":"https://connectoricons-prod.azureedge.net/releases/v1.0.1645/1.0.1645.3345/logicflows/icon.png","dataSources":["Anexa_Arquivos_Do_Chamado"],"dependencies":["38703ba4-cacc-4e4a-99a7-168ac0d2378b"],"dependents":[],"parameterHints":{"workflowName":{"value":"1583947b-635a-45f0-8884-97ca601553a8"},"workflowEntityId":{"value":"080d768e-6d3b-ee11-bdf5-000d3a888883"},"38703ba4-cacc-4e4a-99a7-168ac0d2378b":{"value":"shared_sharepointonline"}},"parameterHintsV2":{"workflowName":{"value":"1583947b-635a-45f0-8884-97ca601553a8"},"workflowEntityId":{"value":"080d768e-6d3b-ee11-bdf5-000d3a888883"},"shared_sharepointonline":{"value":"38703ba4-cacc-4e4a-99a7-168ac0d2378b"}},"isOnPremiseConnection":false,"bypassConsent":false,"dataSets":{},"apiTier":"Standard","isCustomApiConnection":false,"actions":["Run"],"nestedActions":[{"id":"/providers/Microsoft.PowerApps/apis/shared_sharepointonline/apiOperations/CreateNewFolder","apiName":"SharePoint","actionName":"CreateNewFolder","referencedResources":[{"key":"site","value":"https://docsolution.sharepoint.com/sites/sitedetestedelista"},{"key":"list","value":"b9cfa49a-78da-4fa5-8bc0-483c846223f5"}]},{"id":"/providers/Microsoft.PowerApps/apis/shared_sharepointonline/apiOperations/CreateFile","apiName":"SharePoint","actionName":"CreateFile","referencedResources":[{"key":"site","value":"https://docsolution.sharepoint.com/sites/sitedetestedelista"}]},{"id":"/providers/Microsoft.PowerApps/apis/shared_sharepointonline/apiOperations/PatchFileItem","apiName":"SharePoint","actionName":"PatchFileItem","referencedResources":[{"key":"site","value":"https://docsolution.sharepoint.com/sites/sitedetestedelista"},{"key":"list","value":"b9cfa49a-78da-4fa5-8bc0-483c846223f5"}]}]},"38703ba4-cacc-4e4a-99a7-168ac0d2378b":{"id":"4a5ca679-c7d1-4708-ba6f-aae286011e1f","displayName":"SharePoint","iconUri":"https://connectoricons-prod.azureedge.net/u/shgogna/globalperconnector-train1/1.0.1639.3310/sharepointonline/icon.png","dataSources":[],"dependencies":[],"dependents":["c62dfbee-9a1d-453f-88ac-e7403304cd99"],"parameterHints":{},"parameterHintsV2":{},"isOnPremiseConnection":false,"bypassConsent":false,"dataSets":{},"apiTier":"Standard","isCustomApiConnection":false},"8090d906-c9e5-4d72-ab15-77989021e45a":{"id":"85669fa1-ab63-434c-a779-ede0f025eb1a","displayName":"Fluxos lógicos","iconUri":"https://connectoricons-prod.azureedge.net/releases/v1.0.1645/1.0.1645.3345/logicflows/icon.png","dataSources":["Enviandonotificação"],"dependencies":["a30a3b61-1a5c-44a2-ad0f-90fb730de5bb"],"dependents":[],"parameterHints":{"workflowName":{"value":"539b0eff-6109-47e8-82f6-3f148a3c7c00"},"workflowEntityId":{"value":"9043c147-c63b-ee11-bdf5-000d3a888883"},"a30a3b61-1a5c-44a2-ad0f-90fb730de5bb":{"value":"shared_teams"}},"parameterHintsV2":{"workflowName":{"value":"539b0eff-6109-47e8-82f6-3f148a3c7c00"},"workflowEntityId":{"value":"9043c147-c63b-ee11-bdf5-000d3a888883"},"shared_teams":{"value":"a30a3b61-1a5c-44a2-ad0f-90fb730de5bb"}},"isOnPremiseConnection":false,"bypassConsent":false,"dataSets":{},"apiTier":"Standard","isCustomApiConnection":false,"actions":["Run"],"nestedActions":[{"id":"/providers/Microsoft.PowerApps/apis/shared_teams/apiOperations/PostCardToConversation","apiName":"Microsoft Teams","actionName":"PostCardToConversation","referencedResources":[]}]},"a30a3b61-1a5c-44a2-ad0f-90fb730de5bb":{"id":"8d5ac3e0-f07d-48a2-b1af-a91d33e4efd8","displayName":"Microsoft Teams","iconUri":"https://connectoricons-prod.azureedge.net/u/anladwig/releases/teamsRetryLogic/1.0.1646.3350/teams/icon.png","dataSources":[],"dependencies":[],"dependents":["8090d906-c9e5-4d72-ab15-77989021e45a"],"parameterHints":{},"parameterHintsV2":{},"isOnPremiseConnection":false,"bypassConsent":false,"dataSets":{},"apiTier":"Standard","isCustomApiConnection":false}},"databaseReferences":{"default.cds":{"databaseDetails":{"referenceType":"Environmental","environmentName":"default.cds","overrideValues":{"status":"NotSpecified"}},"dataSources":{},"components":[{"componentName":"CustomControl","identifier":"pdd_CustomControl.PowerDragDrop","identifierType":"LogicalName","capabilities":{"pcfExternalServiceUsageAllowed":false}},{"componentName":"CustomControl","identifier":"pdd_CustomControl.PowerDragDrop","identifierType":"LogicalName","capabilities":{"pcfExternalServiceUsageAllowed":false}},{"componentName":"CustomControl","identifier":"pdd_CustomControl.PowerDragDrop","identifierType":"LogicalName","capabilities":{"pcfExternalServiceUsageAllowed":false}},{"componentName":"CustomControl","identifier":"pdd_CustomControl.PowerDragDrop","identifierType":"LogicalName","capabilities":{"pcfExternalServiceUsageAllowed":false}},{"componentName":"CustomControl","identifier":"pdd_CustomControl.PowerDragDrop","identifierType":"LogicalName","capabilities":{"pcfExternalServiceUsageAllowed":false}}]}},"almMode":"Solution","performanceOptimizationEnabled":true,"canConsumeAppPass":true,"enableModernRuntimeMode":false,"executionRestrictions":{"isTeamsOnly":false,"dataLossPreventionEvaluationResult":{"status":"Compliant","lastEvaluationDate":"2023-08-16T00:33:55.2525195Z","violations":[],"violationsByPolicy":[],"violationErrorMessage":"O aplicativo usa os seguintes conectores: shared_office365users, shared_sharepointonline, shared_logicflows, shared_teams, shared_commondataservice."},"httpActionRestriction":{"appUsesSharepointHttpAction":false,"enforcementStrategy":"Legacy","evaluationTime":"2023-08-16T00:33:55.2524064Z"}}},"appType":"ClassicCanvasApp","appComponents":[]}}