{"name":"f0693ec0-ebb7-a023-1437-89eaa7abfa9d","id":"/providers/Microsoft.Flow/flows/f0693ec0-ebb7-a023-1437-89eaa7abfa9d","type":"Microsoft.Flow/flows","properties":{"apiId":"/providers/Microsoft.PowerApps/apis/shared_logicflows","displayName":"Enviando notificação","definition":{"metadata":{"workflowEntityId":"9043c147-c63b-ee11-bdf5-000d3a888883","processAdvisorMetadata":null,"flowChargedByPaygo":null,"flowclientsuspensionreason":"None","flowclientsuspensiontime":null,"flowclientsuspensionreasondetails":null,"creator":{"id":"49a80641-c2a1-4399-9b39-57de8cfcc970","type":"User","tenantId":"1df995e7-5803-4f3c-bc11-ccef3b60a74e"},"provisioningMethod":"FromDefinition","failureAlertSubscription":true,"clientLastModifiedTime":"2023-08-16T00:26:37.1039939Z"},"$schema":"https://schema.management.azure.com/providers/Microsoft.Logic/schemas/2016-06-01/workflowdefinition.json#","contentVersion":"1.0.0.0","parameters":{"$connections":{"defaultValue":{},"type":"Object"},"$authentication":{"defaultValue":{},"type":"SecureObject"}},"triggers":{"manual":{"metadata":{"operationMetadataId":"fa3aa7c1-af66-4a39-93ba-59d7ad94a78e"},"type":"Request","kind":"PowerApp","inputs":{"schema":{"type":"object","properties":{"RecebeID_Valor":{"type":"string","description":"Inserir valor inicial","x-ms-powerflows-param-ispartial":false},"RecebeUsuario_Valor":{"type":"string","description":"Inserir valor inicial","x-ms-powerflows-param-ispartial":false},"RecebeDescricao_Valor":{"type":"string","description":"Inserir valor inicial","x-ms-powerflows-param-ispartial":false},"RecebeStatus_Valor":{"type":"string","description":"Inserir valor inicial","x-ms-powerflows-param-ispartial":false}},"required":["RecebeID_Valor","RecebeUsuario_Valor","RecebeDescricao_Valor","RecebeStatus_Valor"]}}}},"actions":{"Código_do_Cartão":{"runAfter":{"Recebe_Status":["Succeeded"]},"metadata":{"operationMetadataId":"04a4b229-b73a-4243-8496-42cb14d27628"},"type":"Compose","inputs":{"type":"AdaptiveCard","body":[{"type":"TextBlock","size":"Medium","weight":"Bolder","text":"Chamado @{variables('RecebeID')} encontra-se no status: @{variables('RecebeStatus')}","maxLines":5},{"type":"ColumnSet","columns":[{"type":"Column","items":[{"type":"TextBlock","weight":"Bolder","text":"@{variables('RecebeUsuario')}","wrap":true},{"type":"TextBlock","spacing":"None","text":"@{formatDateTime(addHours(utcNow(), -3), 'dd/MM/yyy hh:mm', 'PT-BR')}","isSubtle":true,"wrap":true}],"width":"stretch"}]},{"type":"TextBlock","text":"@{variables('RecebeDescricao')}","wrap":true,"maxLines":10}],"$schema":"http://adaptivecards.io/schemas/adaptive-card.json","version":"1.0"}},"Recebe_Descricao":{"runAfter":{"Recebe_Usuario":["Succeeded"]},"metadata":{"operationMetadataId":"72e9b454-2041-4297-84f1-7816bc320681"},"type":"InitializeVariable","inputs":{"variables":[{"name":"RecebeDescricao","type":"string","value":"@{triggerBody()['RecebeDescricao_Valor']}"}]}},"Recebe_Status":{"runAfter":{"Recebe_Descricao":["Succeeded"]},"metadata":{"operationMetadataId":"97dc394a-40ef-4a02-be6f-f8116a1d418e"},"type":"InitializeVariable","inputs":{"variables":[{"name":"RecebeStatus","type":"string","value":"@{triggerBody()['RecebeStatus_Valor']}"}]}},"Recebe_ID":{"runAfter":{},"metadata":{"operationMetadataId":"bf081db4-76e5-4f35-8a7c-d52eea9e891d"},"type":"InitializeVariable","inputs":{"variables":[{"name":"RecebeID","type":"string","value":"@{triggerBody()['RecebeID_Valor']}"}]}},"Recebe_Usuario":{"runAfter":{"Recebe_ID":["Succeeded"]},"metadata":{"operationMetadataId":"36350bbf-a75c-4b74-9b1a-b191bb3864f8"},"type":"InitializeVariable","inputs":{"variables":[{"name":"RecebeUsuario","type":"string","value":"@{triggerBody()['RecebeUsuario_Valor']}"}]}},"Postar_cartão_em_um_chat_ou_canal":{"runAfter":{"Código_do_Cartão":["Succeeded"]},"metadata":{"operationMetadataId":"1f84790d-c6d5-44a3-82e9-2f48f8920620"},"type":"OpenApiConnection","inputs":{"host":{"apiId":"/providers/Microsoft.PowerApps/apis/shared_teams","connectionName":"shared_teams","operationId":"PostCardToConversation"},"parameters":{"poster":"Flow bot","location":"Chat with Flow bot","body/recipient":"willian.melo@docsolutionmed.com.br;","body/messageBody":"@outputs('Código_do_Cartão')"},"authentication":{"value":"@json(decodeBase64(triggerOutputs().headers['X-MS-APIM-Tokens']))['$ConnectionKey']","type":"Raw"}}}}},"connectionReferences":{"shared_teams":{"connectionName":"shared-teams-47c5e475-f7c2-4487-bf5b-d78b7cb0993b","source":"Invoker","id":"/providers/Microsoft.PowerApps/apis/shared_teams","tier":"NotSpecified"}},"flowFailureAlertSubscribed":false,"isManaged":false}}