{"name":"a91e2e7e-1433-6fae-e218-9ea80a896e94","id":"/providers/Microsoft.Flow/flows/a91e2e7e-1433-6fae-e218-9ea80a896e94","type":"Microsoft.Flow/flows","properties":{"apiId":"/providers/Microsoft.PowerApps/apis/shared_logicflows","displayName":"Anexa_Arquivos_Do_Chamado","definition":{"metadata":{"workflowEntityId":"080d768e-6d3b-ee11-bdf5-000d3a888883","processAdvisorMetadata":null,"flowChargedByPaygo":null,"flowclientsuspensionreason":"None","flowclientsuspensiontime":null,"flowclientsuspensionreasondetails":null,"creator":{"id":"49a80641-c2a1-4399-9b39-57de8cfcc970","type":"User","tenantId":"1df995e7-5803-4f3c-bc11-ccef3b60a74e"},"provisioningMethod":"FromDefinition","failureAlertSubscription":true,"clientLastModifiedTime":"2023-08-15T13:38:12.2512405Z"},"$schema":"https://schema.management.azure.com/providers/Microsoft.Logic/schemas/2016-06-01/workflowdefinition.json#","contentVersion":"1.0.0.0","parameters":{"$connections":{"defaultValue":{},"type":"Object"},"$authentication":{"defaultValue":{},"type":"SecureObject"}},"triggers":{"manual":{"metadata":{"operationMetadataId":"a2fcaeac-d96b-4db7-a2e2-94d002820199"},"type":"Request","kind":"PowerApp","inputs":{"schema":{"type":"object","properties":{"RecebeJsondosarquivos_Valor":{"type":"string","description":"Inserir valor inicial","x-ms-powerflows-param-ispartial":false},"RecebeoID_Valor":{"type":"string","description":"Inserir valor inicial","x-ms-powerflows-param-ispartial":false}},"required":["RecebeJsondosarquivos_Valor","RecebeoID_Valor"]}}}},"actions":{"Recebe_Json_dos_arquivos":{"runAfter":{},"metadata":{"operationMetadataId":"dec1478b-dcb8-40e3-8e4b-b48c187a7175"},"type":"InitializeVariable","inputs":{"variables":[{"name":"varJson","type":"string","value":"@{triggerBody()['RecebeJsondosarquivos_Valor']}"}]}},"Analisar_JSON":{"runAfter":{"Recebe_o_ID":["Succeeded"]},"metadata":{"operationMetadataId":"e2f2d0f4-1fe2-4027-a22e-86205f51df3a"},"type":"ParseJson","inputs":{"content":"@variables('varJson')","schema":{"type":"array","items":{"type":"object","properties":{"File":{"type":"string"},"FileName":{"type":"string"},"Nome":{"type":"string"},"Valor":{"type":"string"}},"required":["File","FileName","Nome","Valor"]}}}},"Criar_nova_pasta":{"runAfter":{"Analisar_JSON":["Succeeded"]},"metadata":{"operationMetadataId":"9af0ddfd-7d9f-4e03-8909-0f8e2329eaf1"},"type":"OpenApiConnection","inputs":{"host":{"apiId":"/providers/Microsoft.PowerApps/apis/shared_sharepointonline","connectionName":"shared_sharepointonline","operationId":"CreateNewFolder"},"parameters":{"dataset":"https://docsolution.sharepoint.com/sites/sitedetestedelista","table":"b9cfa49a-78da-4fa5-8bc0-483c846223f5","parameters/path":"@variables('VarID')"},"authentication":{"value":"@json(decodeBase64(triggerOutputs().headers['X-MS-APIM-Tokens']))['$ConnectionKey']","type":"Raw"}}},"Recebe_o_ID":{"runAfter":{"Recebe_Json_dos_arquivos":["Succeeded"]},"metadata":{"operationMetadataId":"7905909e-4e96-41e6-b20b-794c5e4cd75c"},"type":"InitializeVariable","inputs":{"variables":[{"name":"VarID","type":"string","value":"@triggerBody()['RecebeoID_Valor']"}]}},"Aplicar_a_cada_arquivo":{"foreach":"@body('Analisar_JSON')","actions":{"Criar_arquivo":{"runAfter":{},"metadata":{"operationMetadataId":"b6d53dbc-9fff-4305-9a57-71a1bec62ef7"},"type":"OpenApiConnection","inputs":{"host":{"apiId":"/providers/Microsoft.PowerApps/apis/shared_sharepointonline","connectionName":"shared_sharepointonline","operationId":"CreateFile"},"parameters":{"dataset":"https://docsolution.sharepoint.com/sites/sitedetestedelista","folderPath":"@outputs('Criar_nova_pasta')?['body/{FullPath}']","name":"@items('Aplicar_a_cada_arquivo')['FileName']","body":"@dataUriToBinary(items('Aplicar_a_cada_arquivo')['File'])"},"authentication":{"value":"@json(decodeBase64(triggerOutputs().headers['X-MS-APIM-Tokens']))['$ConnectionKey']","type":"Raw"}},"runtimeConfiguration":{"contentTransfer":{"transferMode":"Chunked"}}},"Atualizar_propriedades_do_arquivo":{"runAfter":{"Criar_arquivo":["Succeeded"]},"metadata":{"operationMetadataId":"37082245-1c56-49c2-ba65-43b505603459"},"type":"OpenApiConnection","inputs":{"host":{"apiId":"/providers/Microsoft.PowerApps/apis/shared_sharepointonline","connectionName":"shared_sharepointonline","operationId":"PatchFileItem"},"parameters":{"dataset":"https://docsolution.sharepoint.com/sites/sitedetestedelista","table":"b9cfa49a-78da-4fa5-8bc0-483c846223f5","id":"@outputs('Criar_arquivo')?['body/ItemId']","item/Title":"@variables('VarID')"},"authentication":{"value":"@json(decodeBase64(triggerOutputs().headers['X-MS-APIM-Tokens']))['$ConnectionKey']","type":"Raw"}}}},"runAfter":{"Criar_nova_pasta":["Succeeded"]},"metadata":{"operationMetadataId":"7cc95e79-b78e-47d8-8703-51d6c84c82ee"},"type":"Foreach"},"Responder_a_um_PowerApp_ou_a_um_fluxo":{"runAfter":{"Aplicar_a_cada_arquivo":["Succeeded"]},"metadata":{"operationMetadataId":"7b881220-b390-4948-b886-15b7b3db6a7a"},"type":"Response","kind":"PowerApp","inputs":{"statusCode":200,"body":{"resposta":"concluido"},"schema":{"type":"object","properties":{"resposta":{"title":"resposta","x-ms-dynamically-added":true,"type":"string"}}}}}}},"connectionReferences":{"shared_sharepointonline":{"connectionName":"shared-sharepointonl-9fe4ad37-97af-475b-8952-d247f4378ac3","source":"Invoker","id":"/providers/Microsoft.PowerApps/apis/shared_sharepointonline","tier":"NotSpecified"}},"flowFailureAlertSubscribed":false,"isManaged":false}}