{"schemaVersion":"1.0","appDefinitionTemplate":{"id":"/providers/Microsoft.PowerApps/apps/","type":"Microsoft.PowerApps/apps","tags":{"primaryDeviceWidth":"1366","primaryDeviceHeight":"768","supportsPortrait":"true","supportsLandscape":"true","primaryFormFactor":"Tablet","showStatusBar":"false","publisherVersion":"3.23105.18","minimumRequiredApiVersion":"2.2.0","hasComponent":"false","hasUnlockedComponent":"false","isUnifiedRootApp":"false","sienaVersion":"20231118T170029Z-3.23105.18.0"},"properties":{"appVersion":"2023-11-18T17:00:29Z","lifeCycleId":"Published","createdByClientVersion":{"major":3,"minor":23105,"build":18,"revision":0,"majorRevision":0,"minorRevision":0},"minClientVersion":{"major":3,"minor":23105,"build":18,"revision":0,"majorRevision":0,"minorRevision":0},"backgroundColor":"RGBA(0,176,240,1)","backgroundImageUri":"/9340976316213959551/N6b0abb13-6a52-4337-83e8-b0440e7e83c6-logoSmallFile","displayName":"Pokemon","description":"","commitMessage":"","appUris":{"documentUri":{"value":"/9340976316213959551/N1e1f3de9-e5cc-4248-841a-bab256fadff6-document.msapp"},"imageUris":[],"additionalUris":[]},"createdTime":"0001-01-01T00:00:00Z","lastModifiedTime":"0001-01-01T00:00:00Z","sharedGroupsCount":0,"sharedUsersCount":0,"connectionReferences":{"03268014-82d1-4155-ba4d-2874ff45a5e7":{"id":"54ff7a1e-323e-463c-a992-e45b34e50ac9","displayName":"Pokemon","iconUri":"https://prodapiicons.cdn.powerappscdn.net/20231112t000000zd48e8c4c2e4a43b592ca89602b161749/customconnectoricon.jpg","dataSources":["Pokemon"],"dependencies":[],"dependents":[],"parameterHints":{},"parameterHintsV2":{},"isOnPremiseConnection":false,"dataSets":{},"apiTier":"Standard","isCustomApiConnection":true,"actions":["searchPokemon"]}},"databaseReferences":{},"almMode":"Environment","performanceOptimizationEnabled":true,"canConsumeAppPass":true,"enableModernRuntimeMode":false,"executionRestrictions":{"isTeamsOnly":false,"dataLossPreventionEvaluationResult":{"status":"Compliant","lastEvaluationDate":"2023-11-18T17:00:32.9008655Z","violations":[],"violationsByPolicy":[],"violationErrorMessage":"O aplicativo usa os seguintes conectores: shared_pokemon-5f2561b8ffff11126f-5fd41d15d0215fa634."}}},"appType":"ClassicCanvasApp","appComponents":[]}}